spot_id,stake_label,pot_type,spot_name,opportunities,bet_pct,check_pct,fold_pct,call_pct,raise_pct,no_response_pct,avg_size_pct,avg_facing_size_pct,raw_action_counts,benchmark_flag,leak_note,benchmark_metric,benchmark_low,benchmark_high,deviation_pp,confidence,exploit_score
BET_IP_VS_MISSED_FLOP_CB,PL100,3bet,Bet IP vs missed flop c-bet,63,30.2,69.8,0.0,0.0,0.0,0.0,55.1,,"{""check"": 44, ""bet"": 19}",LOW,pool under-stabs vs missed flop c-bet; check response stats before pure-bluffing more,bet_pct,45.0,70.0,-14.8,LOW,5.92
BET_IP_VS_MISSED_FLOP_CB,PL100,4bet+,Bet IP vs missed flop c-bet,1,0.0,100.0,0.0,0.0,0.0,0.0,,,"{""check"": 1}",low_sample,sample below min-sample,bet_pct,45.0,70.0,-45.0,IGNORE,4.5
BET_IP_VS_MISSED_FLOP_CB,PL100,srp,Bet IP vs missed flop c-bet,184,37.5,62.5,0.0,0.0,0.0,0.0,58.7,,"{""check"": 115, ""bet"": 69}",LOW,pool under-stabs vs missed flop c-bet; check response stats before pure-bluffing more,bet_pct,45.0,70.0,-7.5,MEDIUM,5.25
BET_IP_VS_MISSED_FLOP_CB,PL25,3bet,Bet IP vs missed flop c-bet,146,31.5,68.5,0.0,0.0,0.0,0.0,68.7,,"{""check"": 100, ""bet"": 46}",LOW,pool under-stabs vs missed flop c-bet; check response stats before pure-bluffing more,bet_pct,45.0,70.0,-13.5,MEDIUM,9.45
BET_IP_VS_MISSED_FLOP_CB,PL25,4bet+,Bet IP vs missed flop c-bet,10,60.0,40.0,0.0,0.0,0.0,0.0,62.6,,"{""check"": 4, ""bet"": 6}",low_sample,sample below min-sample,bet_pct,45.0,70.0,0.0,IGNORE,0.0
BET_IP_VS_MISSED_FLOP_CB,PL25,srp,Bet IP vs missed flop c-bet,447,37.1,62.9,0.0,0.0,0.0,0.0,63.5,,"{""check"": 281, ""bet"": 166}",LOW,pool under-stabs vs missed flop c-bet; check response stats before pure-bluffing more,bet_pct,45.0,70.0,-7.9,HIGH,7.9
BET_IP_VS_MISSED_FLOP_CB,PL50,3bet,Bet IP vs missed flop c-bet,354,39.0,61.0,0.0,0.0,0.0,0.0,57.8,,"{""bet"": 138, ""check"": 216}",LOW,pool under-stabs vs missed flop c-bet; check response stats before pure-bluffing more,bet_pct,45.0,70.0,-6.0,HIGH,6.0
BET_IP_VS_MISSED_FLOP_CB,PL50,4bet+,Bet IP vs missed flop c-bet,22,45.5,54.5,0.0,0.0,0.0,0.0,72.9,,"{""check"": 12, ""bet"": 10}",low_sample,sample below min-sample,bet_pct,45.0,70.0,0.0,IGNORE,0.0
BET_IP_VS_MISSED_FLOP_CB,PL50,srp,Bet IP vs missed flop c-bet,847,40.7,59.3,0.0,0.0,0.0,0.0,62.5,,"{""bet"": 345, ""check"": 502}",LOW,pool under-stabs vs missed flop c-bet; check response stats before pure-bluffing more,bet_pct,45.0,70.0,-4.3,HIGH,4.3
BET_IP_VS_MISSED_TURN_CB,PL100,3bet,Bet IP vs missed turn c-bet after flop c-bet/call,12,33.3,66.7,0.0,0.0,0.0,0.0,44.8,,"{""check"": 8, ""bet"": 4}",low_sample,sample below min-sample,bet_pct,45.0,70.0,-11.7,IGNORE,1.17
BET_IP_VS_MISSED_TURN_CB,PL100,srp,Bet IP vs missed turn c-bet after flop c-bet/call,33,48.5,51.5,0.0,0.0,0.0,0.0,63.7,,"{""check"": 17, ""bet"": 16}",OK,inside benchmark band,bet_pct,45.0,70.0,0.0,LOW,0.0
BET_IP_VS_MISSED_TURN_CB,PL25,3bet,Bet IP vs missed turn c-bet after flop c-bet/call,17,35.3,64.7,0.0,0.0,0.0,0.0,73.1,,"{""bet"": 6, ""check"": 11}",low_sample,sample below min-sample,bet_pct,45.0,70.0,-9.7,IGNORE,0.97
BET_IP_VS_MISSED_TURN_CB,PL25,4bet+,Bet IP vs missed turn c-bet after flop c-bet/call,3,33.3,66.7,0.0,0.0,0.0,0.0,59.5,,"{""check"": 2, ""bet"": 1}",low_sample,sample below min-sample,bet_pct,45.0,70.0,-11.7,IGNORE,1.17
BET_IP_VS_MISSED_TURN_CB,PL25,srp,Bet IP vs missed turn c-bet after flop c-bet/call,97,40.2,59.8,0.0,0.0,0.0,0.0,62.3,,"{""bet"": 39, ""check"": 58}",LOW,pool under-stabs vs missed turn c-bet after calling flop,bet_pct,45.0,70.0,-4.8,LOW,1.92
BET_IP_VS_MISSED_TURN_CB,PL50,3bet,Bet IP vs missed turn c-bet after flop c-bet/call,74,50.0,50.0,0.0,0.0,0.0,0.0,58.3,,"{""check"": 37, ""bet"": 37}",OK,inside benchmark band,bet_pct,45.0,70.0,0.0,LOW,0.0
BET_IP_VS_MISSED_TURN_CB,PL50,4bet+,Bet IP vs missed turn c-bet after flop c-bet/call,2,50.0,50.0,0.0,0.0,0.0,0.0,100.0,,"{""check"": 1, ""bet"": 1}",low_sample,sample below min-sample,bet_pct,45.0,70.0,0.0,IGNORE,0.0
BET_IP_VS_MISSED_TURN_CB,PL50,srp,Bet IP vs missed turn c-bet after flop c-bet/call,162,38.3,61.7,0.0,0.0,0.0,0.0,61.0,,"{""bet"": 62, ""check"": 100}",LOW,pool under-stabs vs missed turn c-bet after calling flop,bet_pct,45.0,70.0,-6.7,MEDIUM,4.69
DELAYED_CBET_IP,PL100,3bet,Delayed c-bet frequency by PFA IP,31,29.0,71.0,0.0,0.0,0.0,0.0,60.4,,"{""check"": 22, ""bet"": 9}",LOW,PFA IP under-delays after checking back flop,bet_pct,35.0,65.0,-6.0,LOW,2.4
DELAYED_CBET_IP,PL100,4bet+,Delayed c-bet frequency by PFA IP,1,0.0,100.0,0.0,0.0,0.0,0.0,,,"{""check"": 1}",low_sample,sample below min-sample,bet_pct,35.0,65.0,-35.0,IGNORE,3.5
DELAYED_CBET_IP,PL100,srp,Delayed c-bet frequency by PFA IP,142,45.1,54.9,0.0,0.0,0.0,0.0,59.4,,"{""check"": 78, ""bet"": 64}",OK,inside benchmark band,bet_pct,35.0,65.0,0.0,MEDIUM,0.0
DELAYED_CBET_IP,PL25,3bet,Delayed c-bet frequency by PFA IP,60,45.0,55.0,0.0,0.0,0.0,0.0,54.8,,"{""bet"": 27, ""check"": 33}",OK,inside benchmark band,bet_pct,35.0,65.0,0.0,LOW,0.0
DELAYED_CBET_IP,PL25,4bet+,Delayed c-bet frequency by PFA IP,2,0.0,100.0,0.0,0.0,0.0,0.0,,,"{""check"": 2}",low_sample,sample below min-sample,bet_pct,35.0,65.0,-35.0,IGNORE,3.5
DELAYED_CBET_IP,PL25,srp,Delayed c-bet frequency by PFA IP,355,36.9,63.1,0.0,0.0,0.0,0.0,62.7,,"{""check"": 224, ""bet"": 131}",OK,inside benchmark band,bet_pct,35.0,65.0,0.0,HIGH,0.0
DELAYED_CBET_IP,PL50,3bet,Delayed c-bet frequency by PFA IP,121,44.6,55.4,0.0,0.0,0.0,0.0,60.5,,"{""bet"": 54, ""check"": 67}",OK,inside benchmark band,bet_pct,35.0,65.0,0.0,MEDIUM,0.0
DELAYED_CBET_IP,PL50,4bet+,Delayed c-bet frequency by PFA IP,7,57.1,42.9,0.0,0.0,0.0,0.0,61.7,,"{""bet"": 4, ""check"": 3}",low_sample,sample below min-sample,bet_pct,35.0,65.0,0.0,IGNORE,0.0
DELAYED_CBET_IP,PL50,srp,Delayed c-bet frequency by PFA IP,632,42.2,57.8,0.0,0.0,0.0,0.0,60.7,,"{""bet"": 267, ""check"": 365}",OK,inside benchmark band,bet_pct,35.0,65.0,0.0,HIGH,0.0
DELAYED_CBET_OOP,PL100,3bet,Delayed c-bet frequency by PFA OOP,39,46.2,53.8,0.0,0.0,0.0,0.0,70.4,,"{""bet"": 18, ""check"": 21}",OK,inside benchmark band,bet_pct,35.0,65.0,0.0,LOW,0.0
DELAYED_CBET_OOP,PL100,4bet+,Delayed c-bet frequency by PFA OOP,1,0.0,100.0,0.0,0.0,0.0,0.0,,,"{""check"": 1}",low_sample,sample below min-sample,bet_pct,35.0,65.0,-35.0,IGNORE,3.5
DELAYED_CBET_OOP,PL100,srp,Delayed c-bet frequency by PFA OOP,112,42.0,58.0,0.0,0.0,0.0,0.0,58.9,,"{""check"": 65, ""bet"": 47}",OK,inside benchmark band,bet_pct,35.0,65.0,0.0,MEDIUM,0.0
DELAYED_CBET_OOP,PL25,3bet,Delayed c-bet frequency by PFA OOP,89,44.9,55.1,0.0,0.0,0.0,0.0,55.9,,"{""bet"": 40, ""check"": 49}",OK,inside benchmark band,bet_pct,35.0,65.0,0.0,LOW,0.0
DELAYED_CBET_OOP,PL25,srp,Delayed c-bet frequency by PFA OOP,266,36.8,62.8,0.4,0.0,0.0,0.0,64.5,,"{""bet"": 98, ""check"": 167, ""fold"": 1}",OK,inside benchmark band,bet_pct,35.0,65.0,0.0,MEDIUM,0.0
DELAYED_CBET_OOP,PL50,3bet,Delayed c-bet frequency by PFA OOP,188,52.1,47.9,0.0,0.0,0.0,0.0,60.7,,"{""bet"": 98, ""check"": 90}",OK,inside benchmark band,bet_pct,35.0,65.0,0.0,MEDIUM,0.0
DELAYED_CBET_OOP,PL50,4bet+,Delayed c-bet frequency by PFA OOP,7,57.1,42.9,0.0,0.0,0.0,0.0,58.9,,"{""bet"": 4, ""check"": 3}",low_sample,sample below min-sample,bet_pct,35.0,65.0,0.0,IGNORE,0.0
DELAYED_CBET_OOP,PL50,srp,Delayed c-bet frequency by PFA OOP,501,40.9,59.1,0.0,0.0,0.0,0.0,65.2,,"{""bet"": 205, ""check"": 296}",OK,inside benchmark band,bet_pct,35.0,65.0,0.0,HIGH,0.0
FOLD_TO_DELAYED_CBET_IP,PL100,3bet,"Fold/call/raise vs delayed c-bet, responder IP",19,0.0,0.0,42.1,47.4,10.5,0.0,58.0,71.3,"{""raise_or_allin"": 2, ""fold"": 8, ""call"": 9}",low_sample,sample below min-sample,fold_pct,35.0,60.0,0.0,IGNORE,0.0
FOLD_TO_DELAYED_CBET_IP,PL100,srp,"Fold/call/raise vs delayed c-bet, responder IP",47,0.0,0.0,44.7,42.6,12.8,0.0,59.6,63.2,"{""call"": 20, ""fold"": 21, ""raise_or_allin"": 6}",OK,inside benchmark band,fold_pct,35.0,60.0,0.0,LOW,0.0
FOLD_TO_DELAYED_CBET_IP,PL25,3bet,"Fold/call/raise vs delayed c-bet, responder IP",45,0.0,0.0,48.9,46.7,4.4,0.0,42.0,60.0,"{""call"": 21, ""fold"": 22, ""raise_or_allin"": 2}",OK,inside benchmark band,fold_pct,35.0,60.0,0.0,LOW,0.0
FOLD_TO_DELAYED_CBET_IP,PL25,4bet+,"Fold/call/raise vs delayed c-bet, responder IP",1,0.0,0.0,100.0,0.0,0.0,0.0,,33.0,"{""fold"": 1}",low_sample,sample below min-sample,fold_pct,35.0,60.0,40.0,IGNORE,4.0
FOLD_TO_DELAYED_CBET_IP,PL25,srp,"Fold/call/raise vs delayed c-bet, responder IP",108,0.0,0.0,46.3,48.1,5.6,0.0,50.2,68.1,"{""fold"": 50, ""call"": 52, ""raise_or_allin"": 6}",OK,inside benchmark band,fold_pct,35.0,60.0,0.0,MEDIUM,0.0
FOLD_TO_DELAYED_CBET_IP,PL50,3bet,"Fold/call/raise vs delayed c-bet, responder IP",101,0.0,0.0,62.4,33.7,4.0,0.0,41.1,62.9,"{""fold"": 63, ""call"": 34, ""raise_or_allin"": 4}",HIGH,IP overfolds vs delayed c-bet; OOP delayed c-bets can bluff more,fold_pct,35.0,60.0,2.4,MEDIUM,1.68
FOLD_TO_DELAYED_CBET_IP,PL50,4bet+,"Fold/call/raise vs delayed c-bet, responder IP",7,0.0,0.0,85.7,14.3,0.0,0.0,30.4,50.5,"{""fold"": 6, ""call"": 1}",low_sample,sample below min-sample,fold_pct,35.0,60.0,25.7,IGNORE,2.57
FOLD_TO_DELAYED_CBET_IP,PL50,srp,"Fold/call/raise vs delayed c-bet, responder IP",192,0.0,0.0,49.0,45.8,5.2,0.0,50.2,65.2,"{""call"": 88, ""fold"": 94, ""raise_or_allin"": 10}",OK,inside benchmark band,fold_pct,35.0,60.0,0.0,MEDIUM,0.0
FOLD_TO_DELAYED_CBET_OOP,PL100,3bet,"Fold/call/raise vs delayed c-bet, responder OOP",13,0.0,0.0,76.9,23.1,0.0,0.0,32.6,63.0,"{""fold"": 10, ""call"": 3}",low_sample,sample below min-sample,fold_pct,35.0,60.0,16.9,IGNORE,1.69
FOLD_TO_DELAYED_CBET_OOP,PL100,srp,"Fold/call/raise vs delayed c-bet, responder OOP",67,0.0,0.0,61.2,31.3,7.5,0.0,50.1,62.8,"{""call"": 21, ""fold"": 41, ""raise_or_allin"": 5}",HIGH,OOP overfolds vs delayed c-bet; IP delayed c-bets can bluff more,fold_pct,35.0,60.0,1.2,LOW,0.48
FOLD_TO_DELAYED_CBET_OOP,PL25,3bet,"Fold/call/raise vs delayed c-bet, responder OOP",26,0.0,0.0,50.0,38.5,11.5,0.0,53.5,53.6,"{""fold"": 13, ""raise_or_allin"": 3, ""call"": 10}",low_sample,sample below min-sample,fold_pct,35.0,60.0,0.0,IGNORE,0.0
FOLD_TO_DELAYED_CBET_OOP,PL25,srp,"Fold/call/raise vs delayed c-bet, responder OOP",146,0.0,0.0,56.8,39.0,4.1,0.0,47.1,63.5,"{""call"": 57, ""fold"": 83, ""raise_or_allin"": 6}",OK,inside benchmark band,fold_pct,35.0,60.0,0.0,MEDIUM,0.0
FOLD_TO_DELAYED_CBET_OOP,PL50,3bet,"Fold/call/raise vs delayed c-bet, responder OOP",57,0.0,0.0,61.4,31.6,7.0,0.0,52.7,61.8,"{""fold"": 35, ""call"": 18, ""raise_or_allin"": 4}",HIGH,OOP overfolds vs delayed c-bet; IP delayed c-bets can bluff more,fold_pct,35.0,60.0,1.4,LOW,0.56
FOLD_TO_DELAYED_CBET_OOP,PL50,4bet+,"Fold/call/raise vs delayed c-bet, responder OOP",4,0.0,0.0,50.0,25.0,25.0,0.0,51.1,67.7,"{""raise_or_allin"": 1, ""fold"": 2, ""call"": 1}",low_sample,sample below min-sample,fold_pct,35.0,60.0,0.0,IGNORE,0.0
FOLD_TO_DELAYED_CBET_OOP,PL50,srp,"Fold/call/raise vs delayed c-bet, responder OOP",297,0.0,0.0,53.5,40.7,5.7,0.0,49.2,64.4,"{""fold"": 159, ""call"": 121, ""raise_or_allin"": 17}",OK,inside benchmark band,fold_pct,35.0,60.0,0.0,MEDIUM,0.0
FOLD_TO_FLOP_CBET,PL100,3bet,Fold/call/raise vs flop c-bet,169,0.0,0.0,47.9,33.1,18.9,0.0,73.9,63.0,"{""call"": 56, ""fold"": 81, ""raise_or_allin"": 32}",audit_required,definition audit unresolved: analyzer results do not match the comparison CoinPoker HUD range; do not infer strategy until denominator equivalence is established,fold_pct,25.0,45.0,0.0,MEDIUM,0.0
FOLD_TO_FLOP_CBET,PL100,4bet+,Fold/call/raise vs flop c-bet,27,0.0,0.0,51.9,37.0,11.1,0.0,45.5,56.5,"{""fold"": 14, ""call"": 10, ""raise_or_allin"": 3}",audit_required,definition audit unresolved: analyzer results do not match the comparison CoinPoker HUD range; do not infer strategy until denominator equivalence is established,fold_pct,25.0,45.0,0.0,IGNORE,0.0
FOLD_TO_FLOP_CBET,PL100,srp,Fold/call/raise vs flop c-bet,446,0.0,0.0,40.6,51.1,8.3,0.0,50.2,60.6,"{""call"": 228, ""fold"": 181, ""raise_or_allin"": 37}",audit_required,definition audit unresolved: analyzer results do not match the comparison CoinPoker HUD range; do not infer strategy until denominator equivalence is established,fold_pct,25.0,45.0,0.0,HIGH,0.0
FOLD_TO_FLOP_CBET,PL25,3bet,Fold/call/raise vs flop c-bet,343,0.0,0.0,55.4,28.6,16.0,0.0,72.3,65.1,"{""call"": 98, ""fold"": 190, ""raise_or_allin"": 55}",audit_required,definition audit unresolved: analyzer results do not match the comparison CoinPoker HUD range; do not infer strategy until denominator equivalence is established,fold_pct,25.0,45.0,0.0,HIGH,0.0
FOLD_TO_FLOP_CBET,PL25,4bet+,Fold/call/raise vs flop c-bet,50,0.0,0.0,44.0,42.0,14.0,0.0,47.0,66.2,"{""fold"": 22, ""call"": 21, ""raise_or_allin"": 7}",audit_required,definition audit unresolved: analyzer results do not match the comparison CoinPoker HUD range; do not infer strategy until denominator equivalence is established,fold_pct,25.0,45.0,0.0,LOW,0.0
FOLD_TO_FLOP_CBET,PL25,srp,Fold/call/raise vs flop c-bet,1047,0.0,0.0,45.4,47.1,7.5,0.0,51.9,62.0,"{""call"": 493, ""fold"": 475, ""raise_or_allin"": 79}",audit_required,definition audit unresolved: analyzer results do not match the comparison CoinPoker HUD range; do not infer strategy until denominator equivalence is established,fold_pct,25.0,45.0,0.0,HIGH,0.0
FOLD_TO_FLOP_CBET,PL50,3bet,Fold/call/raise vs flop c-bet,837,0.0,0.0,43.2,36.8,20.0,0.0,67.3,64.1,"{""fold"": 362, ""call"": 308, ""raise_or_allin"": 167}",audit_required,definition audit unresolved: analyzer results do not match the comparison CoinPoker HUD range; do not infer strategy until denominator equivalence is established,fold_pct,25.0,45.0,0.0,HIGH,0.0
FOLD_TO_FLOP_CBET,PL50,4bet+,Fold/call/raise vs flop c-bet,127,0.0,0.0,40.2,45.7,14.2,0.0,50.5,74.3,"{""raise_or_allin"": 18, ""call"": 58, ""fold"": 51}",audit_required,definition audit unresolved: analyzer results do not match the comparison CoinPoker HUD range; do not infer strategy until denominator equivalence is established,fold_pct,25.0,45.0,0.0,MEDIUM,0.0
FOLD_TO_FLOP_CBET,PL50,srp,Fold/call/raise vs flop c-bet,2102,0.0,0.0,44.6,45.6,9.8,0.0,53.9,60.7,"{""call"": 958, ""fold"": 937, ""raise_or_allin"": 207}",audit_required,definition audit unresolved: analyzer results do not match the comparison CoinPoker HUD range; do not infer strategy until denominator equivalence is established,fold_pct,25.0,45.0,0.0,HIGH,0.0
FOLD_TO_FLOP_CHECK_RAISE,PL100,3bet,Fold/call/3bet vs flop check-raise,14,0.0,0.0,14.3,57.1,28.6,0.0,41.8,138.4,"{""call"": 8, ""fold"": 2, ""raise_or_allin"": 4}",low_sample,sample below min-sample,fold_pct,30.0,55.0,-15.7,IGNORE,1.57
FOLD_TO_FLOP_CHECK_RAISE,PL100,4bet+,Fold/call/3bet vs flop check-raise,3,0.0,0.0,0.0,100.0,0.0,0.0,4.3,84.6,"{""call"": 3}",low_sample,sample below min-sample,fold_pct,30.0,55.0,-30.0,IGNORE,3.0
FOLD_TO_FLOP_CHECK_RAISE,PL100,srp,Fold/call/3bet vs flop check-raise,33,0.0,0.0,39.4,54.5,6.1,0.0,54.3,132.0,"{""fold"": 13, ""call"": 18, ""raise_or_allin"": 2}",OK,inside benchmark band,fold_pct,30.0,55.0,0.0,LOW,0.0
FOLD_TO_FLOP_CHECK_RAISE,PL25,3bet,Fold/call/3bet vs flop check-raise,31,0.0,0.0,29.0,45.2,25.8,0.0,52.2,147.3,"{""raise_or_allin"": 8, ""call"": 14, ""fold"": 9}",LOW,bettors do not fold enough vs flop check-raise; x/r should be value/equity-heavy,fold_pct,30.0,55.0,-1.0,LOW,0.4
FOLD_TO_FLOP_CHECK_RAISE,PL25,4bet+,Fold/call/3bet vs flop check-raise,5,0.0,0.0,20.0,60.0,20.0,0.0,21.3,73.0,"{""call"": 3, ""fold"": 1, ""raise_or_allin"": 1}",low_sample,sample below min-sample,fold_pct,30.0,55.0,-10.0,IGNORE,1.0
FOLD_TO_FLOP_CHECK_RAISE,PL25,limped,Fold/call/3bet vs flop check-raise,2,0.0,0.0,50.0,50.0,0.0,0.0,20.0,145.2,"{""call"": 1, ""fold"": 1}",low_sample,sample below min-sample,fold_pct,30.0,55.0,0.0,IGNORE,0.0
FOLD_TO_FLOP_CHECK_RAISE,PL25,srp,Fold/call/3bet vs flop check-raise,59,0.0,0.0,44.1,37.3,18.6,0.0,83.1,150.2,"{""call"": 22, ""fold"": 26, ""raise_or_allin"": 11}",OK,inside benchmark band,fold_pct,30.0,55.0,0.0,LOW,0.0
FOLD_TO_FLOP_CHECK_RAISE,PL50,3bet,Fold/call/3bet vs flop check-raise,90,0.0,0.0,28.9,41.1,30.0,0.0,59.1,140.9,"{""fold"": 26, ""call"": 37, ""raise_or_allin"": 27}",LOW,bettors do not fold enough vs flop check-raise; x/r should be value/equity-heavy,fold_pct,30.0,55.0,-1.1,LOW,0.44
FOLD_TO_FLOP_CHECK_RAISE,PL50,4bet+,Fold/call/3bet vs flop check-raise,5,0.0,0.0,20.0,80.0,0.0,0.0,4.9,77.3,"{""call"": 4, ""fold"": 1}",low_sample,sample below min-sample,fold_pct,30.0,55.0,-10.0,IGNORE,1.0
FOLD_TO_FLOP_CHECK_RAISE,PL50,limped,Fold/call/3bet vs flop check-raise,4,0.0,0.0,25.0,75.0,0.0,0.0,47.1,170.6,"{""call"": 3, ""fold"": 1}",low_sample,sample below min-sample,fold_pct,30.0,55.0,-5.0,IGNORE,0.5
FOLD_TO_FLOP_CHECK_RAISE,PL50,srp,Fold/call/3bet vs flop check-raise,148,0.0,0.0,44.6,43.9,11.5,0.0,62.9,135.6,"{""call"": 65, ""fold"": 66, ""raise_or_allin"": 17}",OK,inside benchmark band,fold_pct,30.0,55.0,0.0,MEDIUM,0.0
FOLD_TO_RIVER_BARREL_AFTER_FLOP_TURN_CALL,PL100,3bet,Fold/call/raise vs river barrel after flop-call + turn-call,1,0.0,0.0,100.0,0.0,0.0,0.0,,41.6,"{""fold"": 1}",low_sample,sample below min-sample,fold_pct,40.0,65.0,35.0,IGNORE,3.5
FOLD_TO_RIVER_BARREL_AFTER_FLOP_TURN_CALL,PL100,srp,Fold/call/raise vs river barrel after flop-call + turn-call,25,0.0,0.0,48.0,44.0,8.0,0.0,55.4,79.9,"{""fold"": 12, ""call"": 11, ""raise_or_allin"": 2}",low_sample,sample below min-sample,fold_pct,40.0,65.0,0.0,IGNORE,0.0
FOLD_TO_RIVER_BARREL_AFTER_FLOP_TURN_CALL,PL25,3bet,Fold/call/raise vs river barrel after flop-call + turn-call,13,0.0,0.0,53.8,38.5,7.7,0.0,49.5,63.5,"{""call"": 5, ""raise_or_allin"": 1, ""fold"": 7}",low_sample,sample below min-sample,fold_pct,40.0,65.0,0.0,IGNORE,0.0
FOLD_TO_RIVER_BARREL_AFTER_FLOP_TURN_CALL,PL25,4bet+,Fold/call/raise vs river barrel after flop-call + turn-call,1,0.0,0.0,100.0,0.0,0.0,0.0,,30.4,"{""fold"": 1}",low_sample,sample below min-sample,fold_pct,40.0,65.0,35.0,IGNORE,3.5
FOLD_TO_RIVER_BARREL_AFTER_FLOP_TURN_CALL,PL25,srp,Fold/call/raise vs river barrel after flop-call + turn-call,42,0.0,0.0,54.8,42.9,2.4,0.0,42.0,74.2,"{""call"": 18, ""fold"": 23, ""raise_or_allin"": 1}",OK,inside benchmark band,fold_pct,40.0,65.0,0.0,LOW,0.0
FOLD_TO_RIVER_BARREL_AFTER_FLOP_TURN_CALL,PL50,3bet,Fold/call/raise vs river barrel after flop-call + turn-call,21,0.0,0.0,47.6,52.4,0.0,0.0,27.1,55.9,"{""fold"": 10, ""call"": 11}",low_sample,sample below min-sample,fold_pct,40.0,65.0,0.0,IGNORE,0.0
FOLD_TO_RIVER_BARREL_AFTER_FLOP_TURN_CALL,PL50,srp,Fold/call/raise vs river barrel after flop-call + turn-call,92,0.0,0.0,46.7,46.7,6.5,0.0,45.1,73.8,"{""fold"": 43, ""call"": 43, ""raise_or_allin"": 6}",OK,inside benchmark band,fold_pct,40.0,65.0,0.0,LOW,0.0
FOLD_TO_TURN_BARREL_AFTER_FLOP_CALL,PL100,3bet,Fold/call/raise vs turn barrel after calling flop c-bet,29,0.0,0.0,44.8,24.1,31.0,0.0,79.0,79.4,"{""call"": 7, ""raise_or_allin"": 9, ""fold"": 13}",low_sample,sample below min-sample,fold_pct,35.0,55.0,0.0,IGNORE,0.0
FOLD_TO_TURN_BARREL_AFTER_FLOP_CALL,PL100,4bet+,Fold/call/raise vs turn barrel after calling flop c-bet,1,0.0,0.0,100.0,0.0,0.0,0.0,,12.7,"{""fold"": 1}",low_sample,sample below min-sample,fold_pct,35.0,55.0,45.0,IGNORE,4.5
FOLD_TO_TURN_BARREL_AFTER_FLOP_CALL,PL100,srp,Fold/call/raise vs turn barrel after calling flop c-bet,102,0.0,0.0,43.1,47.1,9.8,0.0,58.2,76.1,"{""call"": 48, ""fold"": 44, ""raise_or_allin"": 10}",OK,inside benchmark band,fold_pct,35.0,55.0,0.0,MEDIUM,0.0
FOLD_TO_TURN_BARREL_AFTER_FLOP_CALL,PL25,3bet,Fold/call/raise vs turn barrel after calling flop c-bet,59,0.0,0.0,37.3,42.4,20.3,0.0,52.2,63.5,"{""call"": 25, ""fold"": 22, ""raise_or_allin"": 12}",OK,inside benchmark band,fold_pct,35.0,55.0,0.0,LOW,0.0
FOLD_TO_TURN_BARREL_AFTER_FLOP_CALL,PL25,4bet+,Fold/call/raise vs turn barrel after calling flop c-bet,2,0.0,0.0,50.0,50.0,0.0,0.0,11.3,15.5,"{""fold"": 1, ""call"": 1}",low_sample,sample below min-sample,fold_pct,35.0,55.0,0.0,IGNORE,0.0
FOLD_TO_TURN_BARREL_AFTER_FLOP_CALL,PL25,srp,Fold/call/raise vs turn barrel after calling flop c-bet,233,0.0,0.0,45.1,44.6,10.3,0.0,59.8,72.3,"{""raise_or_allin"": 24, ""fold"": 105, ""call"": 104}",OK,inside benchmark band,fold_pct,35.0,55.0,0.0,MEDIUM,0.0
FOLD_TO_TURN_BARREL_AFTER_FLOP_CALL,PL50,3bet,Fold/call/raise vs turn barrel after calling flop c-bet,164,0.0,0.0,50.0,34.1,15.9,0.0,54.7,71.5,"{""raise_or_allin"": 26, ""fold"": 82, ""call"": 56}",OK,inside benchmark band,fold_pct,35.0,55.0,0.0,MEDIUM,0.0
FOLD_TO_TURN_BARREL_AFTER_FLOP_CALL,PL50,4bet+,Fold/call/raise vs turn barrel after calling flop c-bet,13,0.0,0.0,61.5,38.5,0.0,0.0,28.8,59.0,"{""fold"": 8, ""call"": 5}",low_sample,sample below min-sample,fold_pct,35.0,55.0,6.5,IGNORE,0.65
FOLD_TO_TURN_BARREL_AFTER_FLOP_CALL,PL50,srp,Fold/call/raise vs turn barrel after calling flop c-bet,443,0.0,0.0,41.3,49.0,9.7,0.0,56.5,73.1,"{""call"": 217, ""fold"": 183, ""raise_or_allin"": 43}",OK,inside benchmark band,fold_pct,35.0,55.0,0.0,HIGH,0.0
FOLD_TO_TURN_CHECK_RAISE,PL100,3bet,Fold/call/3bet vs turn check-raise,3,0.0,0.0,0.0,100.0,0.0,0.0,37.1,132.0,"{""call"": 3}",low_sample,sample below min-sample,fold_pct,40.0,65.0,-40.0,IGNORE,4.0
FOLD_TO_TURN_CHECK_RAISE,PL100,limped,Fold/call/3bet vs turn check-raise,1,0.0,0.0,100.0,0.0,0.0,0.0,,166.7,"{""fold"": 1}",low_sample,sample below min-sample,fold_pct,40.0,65.0,35.0,IGNORE,3.5
FOLD_TO_TURN_CHECK_RAISE,PL100,srp,Fold/call/3bet vs turn check-raise,21,0.0,0.0,38.1,47.6,14.3,0.0,53.0,137.9,"{""raise_or_allin"": 3, ""call"": 10, ""fold"": 8}",low_sample,sample below min-sample,fold_pct,40.0,65.0,-1.9,IGNORE,0.19
FOLD_TO_TURN_CHECK_RAISE,PL25,3bet,Fold/call/3bet vs turn check-raise,14,0.0,0.0,42.9,57.1,0.0,0.0,24.4,100.3,"{""call"": 8, ""fold"": 6}",low_sample,sample below min-sample,fold_pct,40.0,65.0,0.0,IGNORE,0.0
FOLD_TO_TURN_CHECK_RAISE,PL25,limped,Fold/call/3bet vs turn check-raise,6,0.0,0.0,33.3,66.7,0.0,0.0,40.6,188.3,"{""fold"": 2, ""call"": 4}",low_sample,sample below min-sample,fold_pct,40.0,65.0,-6.7,IGNORE,0.67
FOLD_TO_TURN_CHECK_RAISE,PL25,srp,Fold/call/3bet vs turn check-raise,35,0.0,0.0,45.7,42.9,11.4,0.0,41.3,133.2,"{""call"": 15, ""fold"": 16, ""raise_or_allin"": 4}",OK,inside benchmark band,fold_pct,40.0,65.0,0.0,LOW,0.0
FOLD_TO_TURN_CHECK_RAISE,PL50,3bet,Fold/call/3bet vs turn check-raise,30,0.0,0.0,33.3,60.0,6.7,0.0,32.9,124.6,"{""call"": 18, ""fold"": 10, ""raise_or_allin"": 2}",LOW,bettors continue too much vs turn check-raise; turn x/r should be strong,fold_pct,40.0,65.0,-6.7,LOW,2.68
FOLD_TO_TURN_CHECK_RAISE,PL50,4bet+,Fold/call/3bet vs turn check-raise,1,0.0,0.0,0.0,100.0,0.0,0.0,7.8,65.9,"{""call"": 1}",low_sample,sample below min-sample,fold_pct,40.0,65.0,-40.0,IGNORE,4.0
FOLD_TO_TURN_CHECK_RAISE,PL50,limped,Fold/call/3bet vs turn check-raise,2,0.0,0.0,0.0,100.0,0.0,0.0,33.3,121.2,"{""call"": 2}",low_sample,sample below min-sample,fold_pct,40.0,65.0,-40.0,IGNORE,4.0
FOLD_TO_TURN_CHECK_RAISE,PL50,srp,Fold/call/3bet vs turn check-raise,82,0.0,0.0,43.9,43.9,12.2,0.0,45.4,146.9,"{""call"": 36, ""fold"": 36, ""raise_or_allin"": 10}",OK,inside benchmark band,fold_pct,40.0,65.0,0.0,LOW,0.0
FOLD_TO_TURN_PROBE,PL100,3bet,Fold/call/raise vs turn probe,17,0.0,0.0,41.2,47.1,11.8,0.0,62.8,60.5,"{""call"": 8, ""fold"": 7, ""raise_or_allin"": 2}",low_sample,sample below min-sample,fold_pct,30.0,50.0,0.0,IGNORE,0.0
FOLD_TO_TURN_PROBE,PL100,4bet+,Fold/call/raise vs turn probe,2,0.0,0.0,100.0,0.0,0.0,0.0,,32.5,"{""fold"": 2}",low_sample,sample below min-sample,fold_pct,30.0,50.0,50.0,IGNORE,5.0
FOLD_TO_TURN_PROBE,PL100,srp,Fold/call/raise vs turn probe,88,0.0,0.0,48.9,45.5,5.7,0.0,47.2,62.2,"{""call"": 40, ""fold"": 43, ""raise_or_allin"": 5}",OK,inside benchmark band,fold_pct,30.0,50.0,0.0,LOW,0.0
FOLD_TO_TURN_PROBE,PL25,3bet,Fold/call/raise vs turn probe,38,0.0,0.0,26.3,71.1,2.6,0.0,38.0,55.9,"{""call"": 27, ""fold"": 10, ""raise_or_allin"": 1}",LOW,IP is sticky vs turn probe; probe more value/equity-heavy,fold_pct,30.0,50.0,-3.7,LOW,1.48
FOLD_TO_TURN_PROBE,PL25,4bet+,Fold/call/raise vs turn probe,1,0.0,0.0,0.0,100.0,0.0,0.0,24.8,33.0,"{""call"": 1}",low_sample,sample below min-sample,fold_pct,30.0,50.0,-30.0,IGNORE,3.0
FOLD_TO_TURN_PROBE,PL25,srp,Fold/call/raise vs turn probe,183,0.0,0.0,47.0,47.5,5.5,0.0,48.8,63.7,"{""fold"": 86, ""call"": 87, ""raise_or_allin"": 10}",OK,inside benchmark band,fold_pct,30.0,50.0,0.0,MEDIUM,0.0
FOLD_TO_TURN_PROBE,PL50,3bet,Fold/call/raise vs turn probe,74,0.0,0.0,47.3,52.7,0.0,0.0,36.7,65.5,"{""fold"": 35, ""call"": 39}",OK,inside benchmark band,fold_pct,30.0,50.0,0.0,LOW,0.0
FOLD_TO_TURN_PROBE,PL50,4bet+,Fold/call/raise vs turn probe,3,0.0,0.0,66.7,33.3,0.0,0.0,49.2,99.0,"{""call"": 1, ""fold"": 2}",low_sample,sample below min-sample,fold_pct,30.0,50.0,16.7,IGNORE,1.67
FOLD_TO_TURN_PROBE,PL50,srp,Fold/call/raise vs turn probe,432,0.0,0.0,45.6,48.1,6.2,0.0,50.8,68.7,"{""call"": 208, ""fold"": 197, ""raise_or_allin"": 27}",OK,inside benchmark band,fold_pct,30.0,50.0,0.0,HIGH,0.0
OOP_RESPONSE_VS_IP_FLOP_STAB_AFTER_MISSED_CB,PL100,3bet,OOP fold/call/check-raise vs IP flop stab after missed c-bet,16,0.0,0.0,56.2,37.5,6.2,0.0,52.5,57.4,"{""fold"": 9, ""call"": 6, ""raise_or_allin"": 1}",low_sample,sample below min-sample,fold_pct,25.0,50.0,6.2,IGNORE,0.62
OOP_RESPONSE_VS_IP_FLOP_STAB_AFTER_MISSED_CB,PL100,srp,OOP fold/call/check-raise vs IP flop stab after missed c-bet,78,0.0,0.0,48.7,44.9,6.4,0.0,50.1,63.7,"{""fold"": 38, ""call"": 35, ""raise_or_allin"": 5}",OK,inside benchmark band,fold_pct,25.0,50.0,0.0,LOW,0.0
OOP_RESPONSE_VS_IP_FLOP_STAB_AFTER_MISSED_CB,PL25,3bet,OOP fold/call/check-raise vs IP flop stab after missed c-bet,48,0.0,0.0,45.8,41.7,12.5,0.0,65.7,65.0,"{""fold"": 22, ""call"": 20, ""raise_or_allin"": 6}",OK,inside benchmark band,fold_pct,25.0,50.0,0.0,LOW,0.0
OOP_RESPONSE_VS_IP_FLOP_STAB_AFTER_MISSED_CB,PL25,4bet+,OOP fold/call/check-raise vs IP flop stab after missed c-bet,3,0.0,0.0,66.7,0.0,33.3,0.0,96.3,83.3,"{""fold"": 2, ""raise_or_allin"": 1}",low_sample,sample below min-sample,fold_pct,25.0,50.0,16.7,IGNORE,1.67
OOP_RESPONSE_VS_IP_FLOP_STAB_AFTER_MISSED_CB,PL25,srp,OOP fold/call/check-raise vs IP flop stab after missed c-bet,168,0.0,0.0,48.8,47.6,3.6,0.0,45.9,64.3,"{""call"": 80, ""fold"": 82, ""raise_or_allin"": 6}",OK,inside benchmark band,fold_pct,25.0,50.0,0.0,MEDIUM,0.0
OOP_RESPONSE_VS_IP_FLOP_STAB_AFTER_MISSED_CB,PL50,3bet,OOP fold/call/check-raise vs IP flop stab after missed c-bet,113,0.0,0.0,37.2,39.8,23.0,0.0,76.4,61.0,"{""fold"": 42, ""call"": 45, ""raise_or_allin"": 26}",OK,inside benchmark band,fold_pct,25.0,50.0,0.0,MEDIUM,0.0
OOP_RESPONSE_VS_IP_FLOP_STAB_AFTER_MISSED_CB,PL50,4bet+,OOP fold/call/check-raise vs IP flop stab after missed c-bet,5,0.0,0.0,60.0,40.0,0.0,0.0,50.0,77.7,"{""call"": 2, ""fold"": 3}",low_sample,sample below min-sample,fold_pct,25.0,50.0,10.0,IGNORE,1.0
OOP_RESPONSE_VS_IP_FLOP_STAB_AFTER_MISSED_CB,PL50,srp,OOP fold/call/check-raise vs IP flop stab after missed c-bet,370,0.0,0.0,48.9,45.9,5.1,0.0,47.2,63.7,"{""fold"": 181, ""call"": 170, ""raise_or_allin"": 19}",OK,inside benchmark band,fold_pct,25.0,50.0,0.0,HIGH,0.0
OOP_RESPONSE_VS_IP_TURN_STAB_AFTER_MISSED_CB,PL100,3bet,OOP fold/call/check-raise vs IP turn stab after missed turn c-bet,5,0.0,0.0,20.0,60.0,20.0,0.0,53.3,49.7,"{""raise_or_allin"": 1, ""call"": 3, ""fold"": 1}",low_sample,sample below min-sample,fold_pct,35.0,60.0,-15.0,IGNORE,1.5
OOP_RESPONSE_VS_IP_TURN_STAB_AFTER_MISSED_CB,PL100,srp,OOP fold/call/check-raise vs IP turn stab after missed turn c-bet,16,0.0,0.0,50.0,43.8,6.2,0.0,53.5,60.9,"{""fold"": 8, ""call"": 7, ""raise_or_allin"": 1}",low_sample,sample below min-sample,fold_pct,35.0,60.0,0.0,IGNORE,0.0
OOP_RESPONSE_VS_IP_TURN_STAB_AFTER_MISSED_CB,PL25,3bet,OOP fold/call/check-raise vs IP turn stab after missed turn c-bet,9,0.0,0.0,66.7,33.3,0.0,0.0,30.5,55.4,"{""call"": 3, ""fold"": 6}",low_sample,sample below min-sample,fold_pct,35.0,60.0,6.7,IGNORE,0.67
OOP_RESPONSE_VS_IP_TURN_STAB_AFTER_MISSED_CB,PL25,4bet+,OOP fold/call/check-raise vs IP turn stab after missed turn c-bet,1,0.0,0.0,100.0,0.0,0.0,0.0,,59.5,"{""fold"": 1}",low_sample,sample below min-sample,fold_pct,35.0,60.0,40.0,IGNORE,4.0
OOP_RESPONSE_VS_IP_TURN_STAB_AFTER_MISSED_CB,PL25,srp,OOP fold/call/check-raise vs IP turn stab after missed turn c-bet,34,0.0,0.0,58.8,38.2,2.9,0.0,50.8,72.6,"{""call"": 13, ""fold"": 20, ""raise_or_allin"": 1}",OK,inside benchmark band,fold_pct,35.0,60.0,0.0,LOW,0.0
OOP_RESPONSE_VS_IP_TURN_STAB_AFTER_MISSED_CB,PL50,3bet,OOP fold/call/check-raise vs IP turn stab after missed turn c-bet,36,0.0,0.0,44.4,36.1,19.4,0.0,56.3,59.1,"{""fold"": 16, ""raise_or_allin"": 7, ""call"": 13}",OK,inside benchmark band,fold_pct,35.0,60.0,0.0,LOW,0.0
OOP_RESPONSE_VS_IP_TURN_STAB_AFTER_MISSED_CB,PL50,4bet+,OOP fold/call/check-raise vs IP turn stab after missed turn c-bet,1,0.0,0.0,0.0,100.0,0.0,0.0,22.3,28.7,"{""call"": 1}",low_sample,sample below min-sample,fold_pct,35.0,60.0,-35.0,IGNORE,3.5
OOP_RESPONSE_VS_IP_TURN_STAB_AFTER_MISSED_CB,PL50,srp,OOP fold/call/check-raise vs IP turn stab after missed turn c-bet,62,0.0,0.0,41.9,53.2,4.8,0.0,45.4,60.8,"{""call"": 33, ""fold"": 26, ""raise_or_allin"": 3}",OK,inside benchmark band,fold_pct,35.0,60.0,0.0,LOW,0.0
PFA_RESPONSE_AFTER_TURN_GIVEUP,PL100,3bet,"PFA fold/call/raise after flop c-bet, turn check, faced stab",5,0.0,0.0,20.0,60.0,20.0,0.0,53.3,49.7,"{""raise_or_allin"": 1, ""call"": 3, ""fold"": 1}",low_sample,sample below min-sample,fold_pct,30.0,60.0,-10.0,IGNORE,1.0
PFA_RESPONSE_AFTER_TURN_GIVEUP,PL100,srp,"PFA fold/call/raise after flop c-bet, turn check, faced stab",16,0.0,0.0,50.0,43.8,6.2,0.0,53.5,60.9,"{""fold"": 8, ""call"": 7, ""raise_or_allin"": 1}",low_sample,sample below min-sample,fold_pct,30.0,60.0,0.0,IGNORE,0.0
PFA_RESPONSE_AFTER_TURN_GIVEUP,PL25,3bet,"PFA fold/call/raise after flop c-bet, turn check, faced stab",9,0.0,0.0,66.7,33.3,0.0,0.0,30.5,55.4,"{""call"": 3, ""fold"": 6}",low_sample,sample below min-sample,fold_pct,30.0,60.0,6.7,IGNORE,0.67
PFA_RESPONSE_AFTER_TURN_GIVEUP,PL25,4bet+,"PFA fold/call/raise after flop c-bet, turn check, faced stab",1,0.0,0.0,100.0,0.0,0.0,0.0,,59.5,"{""fold"": 1}",low_sample,sample below min-sample,fold_pct,30.0,60.0,40.0,IGNORE,4.0
PFA_RESPONSE_AFTER_TURN_GIVEUP,PL25,srp,"PFA fold/call/raise after flop c-bet, turn check, faced stab",34,0.0,0.0,58.8,38.2,2.9,0.0,50.8,72.6,"{""call"": 13, ""fold"": 20, ""raise_or_allin"": 1}",OK,inside benchmark band,fold_pct,30.0,60.0,0.0,LOW,0.0
PFA_RESPONSE_AFTER_TURN_GIVEUP,PL50,3bet,"PFA fold/call/raise after flop c-bet, turn check, faced stab",36,0.0,0.0,44.4,36.1,19.4,0.0,56.3,59.1,"{""fold"": 16, ""raise_or_allin"": 7, ""call"": 13}",OK,inside benchmark band,fold_pct,30.0,60.0,0.0,LOW,0.0
PFA_RESPONSE_AFTER_TURN_GIVEUP,PL50,4bet+,"PFA fold/call/raise after flop c-bet, turn check, faced stab",1,0.0,0.0,0.0,100.0,0.0,0.0,22.3,28.7,"{""call"": 1}",low_sample,sample below min-sample,fold_pct,30.0,60.0,-30.0,IGNORE,3.0
PFA_RESPONSE_AFTER_TURN_GIVEUP,PL50,srp,"PFA fold/call/raise after flop c-bet, turn check, faced stab",62,0.0,0.0,41.9,53.2,4.8,0.0,45.4,60.8,"{""call"": 33, ""fold"": 26, ""raise_or_allin"": 3}",OK,inside benchmark band,fold_pct,30.0,60.0,0.0,LOW,0.0
PFA_TURN_BARREL_AFTER_FLOP_CBET_CALLED,PL100,3bet,PFA turn barrel/give-up after flop c-bet called,53,58.5,41.5,0.0,0.0,0.0,0.0,76.8,,"{""bet"": 31, ""check"": 22}",OK,inside benchmark band,bet_pct,40.0,70.0,0.0,LOW,0.0
PFA_TURN_BARREL_AFTER_FLOP_CBET_CALLED,PL100,4bet+,PFA turn barrel/give-up after flop c-bet called,2,100.0,0.0,0.0,0.0,0.0,0.0,56.3,,"{""bet"": 2}",low_sample,sample below min-sample,bet_pct,40.0,70.0,30.0,IGNORE,3.0
PFA_TURN_BARREL_AFTER_FLOP_CBET_CALLED,PL100,srp,PFA turn barrel/give-up after flop c-bet called,201,45.8,54.2,0.0,0.0,0.0,0.0,76.7,,"{""check"": 109, ""bet"": 92}",OK,inside benchmark band,bet_pct,40.0,70.0,0.0,MEDIUM,0.0
PFA_TURN_BARREL_AFTER_FLOP_CBET_CALLED,PL25,3bet,PFA turn barrel/give-up after flop c-bet called,84,61.9,38.1,0.0,0.0,0.0,0.0,68.8,,"{""bet"": 52, ""check"": 32}",OK,inside benchmark band,bet_pct,40.0,70.0,0.0,LOW,0.0
PFA_TURN_BARREL_AFTER_FLOP_CBET_CALLED,PL25,4bet+,PFA turn barrel/give-up after flop c-bet called,4,25.0,75.0,0.0,0.0,0.0,0.0,31.5,,"{""check"": 3, ""bet"": 1}",low_sample,sample below min-sample,bet_pct,40.0,70.0,-15.0,IGNORE,1.5
PFA_TURN_BARREL_AFTER_FLOP_CBET_CALLED,PL25,srp,PFA turn barrel/give-up after flop c-bet called,425,51.3,48.7,0.0,0.0,0.0,0.0,72.9,,"{""check"": 207, ""bet"": 218}",OK,inside benchmark band,bet_pct,40.0,70.0,0.0,HIGH,0.0
PFA_TURN_BARREL_AFTER_FLOP_CBET_CALLED,PL50,3bet,PFA turn barrel/give-up after flop c-bet called,280,58.9,41.1,0.0,0.0,0.0,0.0,71.9,,"{""check"": 115, ""bet"": 165}",OK,inside benchmark band,bet_pct,40.0,70.0,0.0,MEDIUM,0.0
PFA_TURN_BARREL_AFTER_FLOP_CBET_CALLED,PL50,4bet+,PFA turn barrel/give-up after flop c-bet called,16,87.5,12.5,0.0,0.0,0.0,0.0,55.4,,"{""check"": 2, ""bet"": 14}",low_sample,sample below min-sample,bet_pct,40.0,70.0,17.5,IGNORE,1.75
PFA_TURN_BARREL_AFTER_FLOP_CBET_CALLED,PL50,srp,PFA turn barrel/give-up after flop c-bet called,840,47.6,52.4,0.0,0.0,0.0,0.0,72.5,,"{""check"": 440, ""bet"": 400}",OK,inside benchmark band,bet_pct,40.0,70.0,0.0,HIGH,0.0
TURN_PROBE_AFTER_FLOP_CHECKBACK,PL100,3bet,Turn probe after PFA checks back flop,60,38.3,61.7,0.0,0.0,0.0,0.0,67.1,,"{""bet"": 23, ""check"": 37}",OK,inside benchmark band,bet_pct,35.0,60.0,0.0,LOW,0.0
TURN_PROBE_AFTER_FLOP_CHECKBACK,PL100,4bet+,Turn probe after PFA checks back flop,2,50.0,50.0,0.0,0.0,0.0,0.0,50.0,,"{""check"": 1, ""bet"": 1}",low_sample,sample below min-sample,bet_pct,35.0,60.0,0.0,IGNORE,0.0
TURN_PROBE_AFTER_FLOP_CHECKBACK,PL100,srp,Turn probe after PFA checks back flop,258,38.8,60.9,0.4,0.0,0.0,0.0,62.0,,"{""bet"": 100, ""check"": 157, ""fold"": 1}",OK,inside benchmark band,bet_pct,35.0,60.0,0.0,MEDIUM,0.0
TURN_PROBE_AFTER_FLOP_CHECKBACK,PL25,3bet,Turn probe after PFA checks back flop,107,39.3,60.7,0.0,0.0,0.0,0.0,55.4,,"{""check"": 65, ""bet"": 42}",OK,inside benchmark band,bet_pct,35.0,60.0,0.0,MEDIUM,0.0
TURN_PROBE_AFTER_FLOP_CHECKBACK,PL25,4bet+,Turn probe after PFA checks back flop,5,40.0,60.0,0.0,0.0,0.0,0.0,66.5,,"{""check"": 3, ""bet"": 2}",low_sample,sample below min-sample,bet_pct,35.0,60.0,0.0,IGNORE,0.0
TURN_PROBE_AFTER_FLOP_CHECKBACK,PL25,srp,Turn probe after PFA checks back flop,607,37.6,62.4,0.0,0.0,0.0,0.0,64.4,,"{""check"": 379, ""bet"": 228}",OK,inside benchmark band,bet_pct,35.0,60.0,0.0,HIGH,0.0
TURN_PROBE_AFTER_FLOP_CHECKBACK,PL50,3bet,Turn probe after PFA checks back flop,230,37.0,63.0,0.0,0.0,0.0,0.0,65.1,,"{""bet"": 85, ""check"": 145}",OK,inside benchmark band,bet_pct,35.0,60.0,0.0,MEDIUM,0.0
TURN_PROBE_AFTER_FLOP_CHECKBACK,PL50,4bet+,Turn probe after PFA checks back flop,19,42.1,57.9,0.0,0.0,0.0,0.0,68.5,,"{""bet"": 8, ""check"": 11}",low_sample,sample below min-sample,bet_pct,35.0,60.0,0.0,IGNORE,0.0
TURN_PROBE_AFTER_FLOP_CHECKBACK,PL50,srp,Turn probe after PFA checks back flop,1231,41.3,58.7,0.1,0.0,0.0,0.0,67.3,,"{""check"": 722, ""bet"": 508, ""fold"": 1}",OK,inside benchmark band,bet_pct,35.0,60.0,0.0,HIGH,0.0
